Question Number,Topic,Cosine Similarity,Marks,Average Number,Percentage Attainment,Module
Q1,item-to-item recommendation,0.8660254037844387,8,5.903141361256544,73.7892670157068,Recommendation Algorithms
Q2,apriori algorithm,0.9999999999999998,10,7.683246073298429,76.83246073298429,Association  Algorithms
Q3,random,0.7071067811865475,6,3.5287958115183247,58.813263525305416,Web caching Algorithm
Q4,: dbscan,0.7071067811865475,11,4.049738219895288,36.81580199904808,Clustering Algorithms
